CREATE DATABASE Eicher;

USE Eicher;

#Create table customers
CREATE TABLE customers (
    customer_id SERIAL PRIMARY KEY,
    first_name VARCHAR(50) NOT NULL,
    last_name VARCHAR(50),
    email VARCHAR(100) UNIQUE NOT NULL,
    phone VARCHAR(15),
    city VARCHAR(50),
    created_at TIMESTAMP DEFAULT CURRENT_TIMESTAMP
);

#Create table product categories
CREATE TABLE categories (
    category_id SERIAL PRIMARY KEY,
    category_name VARCHAR(100) UNIQUE NOT NULL
);

#Create table products
CREATE TABLE products (
    product_id SERIAL PRIMARY KEY,
    category_id INT REFERENCES categories(category_id),
    product_name VARCHAR(200) NOT NULL,
    brand VARCHAR(100),
    price DECIMAL(10,2) NOT NULL,
    stock_keeping_unit VARCHAR(100) UNIQUE,
    created_at TIMESTAMP DEFAULT CURRENT_TIMESTAMP
);

#Create table Inventory
CREATE TABLE inventory (
    inventory_id SERIAL PRIMARY KEY,
    product_id INT REFERENCES products(product_id),
    stock_quantity INT NOT NULL DEFAULT 0,
    reorder_level INT DEFAULT 10,
    last_updated TIMESTAMP DEFAULT CURRENT_TIMESTAMP
);

#Create table Orders
CREATE TABLE orders (
    order_id SERIAL PRIMARY KEY,
    customer_id INT REFERENCES customers(customer_id),
    order_date TIMESTAMP DEFAULT CURRENT_TIMESTAMP,
    order_status VARCHAR(50),
    total_amount DECIMAL(12,2)
);

#Create table order_items
CREATE TABLE order_items (
    order_item_id SERIAL PRIMARY KEY,
    order_id INT REFERENCES orders(order_id),
    product_id INT REFERENCES products(product_id),
    quantity INT NOT NULL,
    unit_price DECIMAL(10,2),
    subtotal DECIMAL(12,2)
);


#Create table payments
CREATE TABLE payments (
    payment_id SERIAL PRIMARY KEY,
    order_id INT REFERENCES orders(order_id),
    payment_method VARCHAR(50),
    payment_status VARCHAR(50),
    amount DECIMAL(12,2),
    payment_date TIMESTAMP DEFAULT CURRENT_TIMESTAMP
);

#Add records of customers data
INSERT INTO customers (first_name, last_name, email, phone, city) VALUES
('Aarav','Sharma','aarav1@gmail.com','987650001','Mumbai'),
('Vivaan','Reddy','vivaan2@gmail.com','987650002','Hyderabad'),
('Aditya','Verma','aditya3@gmail.com','987650003','Delhi'),
('Sai','Kumar','sai4@gmail.com','987650004','Bangalore'),
('Arjun','Patel','arjun5@gmail.com','987650005','Ahmedabad'),
('Krishna','Nair','krishna6@gmail.com','987650006','Chennai'),
('Rahul','Singh','rahul7@gmail.com','987650007','Pune'),
('Kiran','Yadav','kiran8@gmail.com','987650008','Lucknow'),
('Vikram','Joshi','vikram9@gmail.com','987650009','Jaipur'),
('Rohit','Mishra','rohit10@gmail.com','987650010','Kolkata'),
('Anjali','Rao','anjali11@gmail.com','987650011','Mumbai'),
('Sneha','Iyer','sneha12@gmail.com','987650012','Hyderabad'),
('Priya','Das','priya13@gmail.com','987650013','Delhi'),
('Meera','Kapoor','meera14@gmail.com','987650014','Bangalore'),
('Pooja','Shah','pooja15@gmail.com','987650015','Ahmedabad'),
('Nisha','Menon','nisha16@gmail.com','987650016','Chennai'),
('Kavya','Bansal','kavya17@gmail.com','987650017','Pune'),
('Riya','Chopra','riya18@gmail.com','987650018','Lucknow'),
('Divya','Agarwal','divya19@gmail.com','987650019','Jaipur'),
('Simran','Gill','simran20@gmail.com','987650020','Kolkata'),
('Harish','Naidu','harish21@gmail.com','987650021','Mumbai'),
('Suresh','Pillai','suresh22@gmail.com','987650022','Hyderabad'),
('Ajay','Tiwari','ajay23@gmail.com','987650023','Delhi'),
('Naveen','Gowda','naveen24@gmail.com','987650024','Bangalore'),
('Tarun','Kulkarni','tarun25@gmail.com','987650025','Ahmedabad'),
('Mohan','Rastogi','mohan26@gmail.com','987650026','Chennai'),
('Deepak','Chauhan','deepak27@gmail.com','987650027','Pune'),
('Rajesh','Pandey','rajesh28@gmail.com','987650028','Lucknow'),
('Sanjay','Saxena','sanjay29@gmail.com','987650029','Jaipur'),
('Amit','Bhatt','amit30@gmail.com','987650030','Kolkata'),
('Neha','Roy','neha31@gmail.com','987650031','Mumbai'),
('Tina','Paul','tina32@gmail.com','987650032','Hyderabad'),
('Shreya','Malhotra','shreya33@gmail.com','987650033','Delhi'),
('Aisha','Khan','aisha34@gmail.com','987650034','Bangalore'),
('Payal','Sethi','payal35@gmail.com','987650035','Ahmedabad'),
('Komal','Jain','komal36@gmail.com','987650036','Chennai'),
('Varsha','Dubey','varsha37@gmail.com','987650037','Pune'),
('Rekha','Soni','rekha38@gmail.com','987650038','Lucknow'),
('Bhavna','Rawat','bhavna39@gmail.com','987650039','Jaipur'),
('Ishita','Arora','ishita40@gmail.com','987650040','Kolkata');

#Add records of categories data
INSERT INTO categories (category_name) VALUES
('Electronics'),
('Fashion'),
('Grocery'),
('Mobiles'),
('Laptops'),
('Footwear'),
('Books'),
('Furniture'),
('Beauty'),
('Sports'),
('Toys'),
('Jewelry'),
('Home Appliances'),
('Kitchen'),
('Gaming'),
('Accessories'),
('Health'),
('Fitness'),
('Pet Supplies'),
('Stationery'),
('Baby Care'),
('Music'),
('Cameras'),
('Automotive'),
('Gardening'),
('Office Supplies'),
('Travel'),
('Outdoor'),
('Smart Devices'),
('Software'),
('Watches'),
('Bags'),
('Decor'),
('Lighting'),
('Tools'),
('Industrial'),
('Medical'),
('Art'),
('Crafts'),
('Digital Products');

#Add records to table products
INSERT INTO products
(category_id, product_name, brand, price, stock_keeping_unit)
VALUES
(1,'Smart TV 43 Inch','Samsung',45000,'SKU001'),
(4,'iPhone 14','Apple',79999,'SKU002'),
(5,'Gaming Laptop','Dell',95000,'SKU003'),
(2,'Men T-Shirt','Nike',999,'SKU004'),
(6,'Running Shoes','Adidas',2999,'SKU005'),
(7,'SQL Learning Book','Pearson',799,'SKU006'),
(8,'Office Chair','Ikea',5999,'SKU007'),
(9,'Face Cream','Lakme',499,'SKU008'),
(10,'Cricket Bat','SS',2499,'SKU009'),
(11,'Remote Car','Funskool',1299,'SKU010'),
(12,'Gold Necklace','Tanishq',25000,'SKU011'),
(13,'Washing Machine','LG',32000,'SKU012'),
(14,'Mixer Grinder','Prestige',3499,'SKU013'),
(15,'PlayStation 5','Sony',55000,'SKU014'),
(16,'Phone Case','Spigen',699,'SKU015'),
(17,'Vitamin Tablets','Himalaya',399,'SKU016'),
(18,'Yoga Mat','Puma',1499,'SKU017'),
(19,'Dog Food','Pedigree',899,'SKU018'),
(20,'Notebook Pack','Classmate',299,'SKU019'),
(21,'Baby Lotion','Johnson',399,'SKU020'),
(22,'Bluetooth Speaker','JBL',2999,'SKU021'),
(23,'DSLR Camera','Canon',65000,'SKU022'),
(24,'Car Vacuum Cleaner','Bosch',3999,'SKU023'),
(25,'Garden Hose','Cello',999,'SKU024'),
(26,'Office Desk','Godrej',7999,'SKU025'),
(27,'Travel Bag','Safari',2499,'SKU026'),
(28,'Camping Tent','Quechua',6999,'SKU027'),
(29,'Smart Watch','Noise',3499,'SKU028'),
(30,'Antivirus Software','Quick Heal',1999,'SKU029'),
(31,'Luxury Watch','Titan',7999,'SKU030'),
(32,'School Backpack','Skybags',1499,'SKU031'),
(33,'Wall Painting','Asian Paints',2999,'SKU032'),
(34,'LED Lamp','Philips',899,'SKU033'),
(35,'Drill Machine','Black+Decker',4599,'SKU034'),
(36,'Industrial Gloves','3M',599,'SKU035'),
(37,'Medical Kit','Omron',2499,'SKU036'),
(38,'Canvas Art Set','Camel',1499,'SKU037'),
(39,'Craft Paper Pack','JK Paper',499,'SKU038'),
(40,'Online Course','Udemy',2999,'SKU039'),
(1,'Bluetooth Earbuds','Boat',1999,'SKU040');

#Add records of inventory data
INSERT INTO inventory
(product_id, stock_quantity, reorder_level)
VALUES
(1,50,10),(2,40,10),(3,25,5),(4,100,20),
(5,70,15),(6,80,20),(7,30,10),(8,90,20),
(9,60,15),(10,45,10),(11,20,5),(12,18,5),
(13,35,8),(14,22,5),(15,110,20),(16,75,15),
(17,55,10),(18,40,10),(19,65,15),(20,85,20),
(21,50,10),(22,28,5),(23,32,8),(24,44,10),
(25,70,15),(26,16,5),(27,24,5),(28,19,5),
(29,90,20),(30,45,10),(31,38,8),(32,72,15),
(33,41,10),(34,56,12),(35,29,6),(36,66,15),
(37,48,10),(38,53,12),(39,61,15),(40,77,18);

#Add records of order data
INSERT INTO orders
(customer_id, order_status, total_amount)
VALUES
(1,'Delivered',45000),
(2,'Delivered',79999),
(3,'Shipped',95000),
(4,'Pending',999),
(5,'Delivered',2999),
(6,'Cancelled',799),
(7,'Delivered',5999),
(8,'Delivered',499),
(9,'Shipped',2499),
(10,'Pending',1299),
(11,'Delivered',25000),
(12,'Delivered',32000),
(13,'Pending',3499),
(14,'Shipped',55000),
(15,'Delivered',699),
(16,'Delivered',399),
(17,'Pending',1499),
(18,'Delivered',899),
(19,'Shipped',299),
(20,'Delivered',399),
(21,'Delivered',2999),
(22,'Pending',65000),
(23,'Shipped',3999),
(24,'Delivered',999),
(25,'Delivered',7999),
(26,'Pending',2499),
(27,'Delivered',6999),
(28,'Shipped',3499),
(29,'Delivered',1999),
(30,'Pending',7999),
(31,'Delivered',1499),
(32,'Delivered',2999),
(33,'Shipped',899),
(34,'Pending',4599),
(35,'Delivered',599),
(36,'Delivered',2499),
(37,'Pending',1499),
(38,'Delivered',499),
(39,'Shipped',2999),
(40,'Delivered',1999);

#Add records of order items data
INSERT INTO order_items
(order_id, product_id, quantity, unit_price, subtotal)
VALUES
(1,1,1,45000,45000),
(2,2,1,79999,79999),
(3,3,1,95000,95000),
(4,4,1,999,999),
(5,5,1,2999,2999),
(6,6,1,799,799),
(7,7,1,5999,5999),
(8,8,1,499,499),
(9,9,1,2499,2499),
(10,10,1,1299,1299),
(11,11,1,25000,25000),
(12,12,1,32000,32000),
(13,13,1,3499,3499),
(14,14,1,55000,55000),
(15,15,1,699,699),
(16,16,1,399,399),
(17,17,1,1499,1499),
(18,18,1,899,899),
(19,19,1,299,299),
(20,20,1,399,399),
(21,21,1,2999,2999),
(22,22,1,65000,65000),
(23,23,1,3999,3999),
(24,24,1,999,999),
(25,25,1,7999,7999),
(26,26,1,2499,2499),
(27,27,1,6999,6999),
(28,28,1,3499,3499),
(29,29,1,1999,1999),
(30,30,1,7999,7999),
(31,31,1,1499,1499),
(32,32,1,2999,2999),
(33,33,1,899,899),
(34,34,1,4599,4599),
(35,35,1,599,599),
(36,36,1,2499,2499),
(37,37,1,1499,1499),
(38,38,1,499,499),
(39,39,1,2999,2999),
(40,40,1,1999,1999);

#Add records of payments data
INSERT INTO payments
(order_id, payment_method, payment_status, amount)
VALUES
(1,'UPI','Paid',45000),
(2,'Credit Card','Paid',79999),
(3,'Debit Card','Paid',95000),
(4,'COD','Pending',999),
(5,'UPI','Paid',2999),
(6,'Net Banking','Refunded',799),
(7,'Credit Card','Paid',5999),
(8,'UPI','Paid',499),
(9,'Debit Card','Paid',2499),
(10,'COD','Pending',1299),
(11,'UPI','Paid',25000),
(12,'Credit Card','Paid',32000),
(13,'Net Banking','Pending',3499),
(14,'Debit Card','Paid',55000),
(15,'UPI','Paid',699),
(16,'COD','Paid',399),
(17,'Credit Card','Pending',1499),
(18,'UPI','Paid',899),
(19,'Debit Card','Paid',299),
(20,'COD','Paid',399),
(21,'UPI','Paid',2999),
(22,'Credit Card','Pending',65000),
(23,'Net Banking','Paid',3999),
(24,'Debit Card','Paid',999),
(25,'UPI','Paid',7999),
(26,'COD','Pending',2499),
(27,'Credit Card','Paid',6999),
(28,'Debit Card','Paid',3499),
(29,'UPI','Paid',1999),
(30,'Net Banking','Pending',7999),
(31,'Credit Card','Paid',1499),
(32,'UPI','Paid',2999),
(33,'Debit Card','Paid',899),
(34,'COD','Pending',4599),
(35,'UPI','Paid',599),
(36,'Credit Card','Paid',2499),
(37,'Net Banking','Pending',1499),
(38,'Debit Card','Paid',499),
(39,'UPI','Paid',2999),
(40,'Credit Card','Paid',1999);

Use Eicher;

#Total Revenue Generated
SELECT SUM(total_amount) AS total_revenue
FROM orders
WHERE order_status = 'Delivered';

#Monthly Sales trend 
SELECT 
    DATE_trunc('month', order_date) AS month,
    SUM(total_amount) AS monthly_revenue
FROM orders
WHERE order_status = 'Delivered'
GROUP BY month
ORDER BY month;

#Top 10 best selling products
SELECT 
    p.product_name,
    SUM(oi.quantity) AS total_sold
FROM order_items oi
JOIN products p
ON oi.product_id = p.product_id
GROUP BY p.product_name
ORDER BY total_sold DESC
LIMIT 10;

#Highest Revenue Products
SELECT 
    p.product_name,
    SUM(oi.subtotal) AS revenue
FROM order_items oi
JOIN products p
ON oi.product_id = p.product_id
GROUP BY p.product_name
ORDER BY revenue DESC;

#Low Stock Alerts
SELECT 
    p.product_name,
    i.stock_quantity,
    i.reorder_level
FROM inventory i
JOIN products p
ON i.product_id = p.product_id
WHERE i.stock_quantity <= i.reorder_level;

#Customers with highest spending
SELECT 
    c.first_name,
    c.last_name,
    SUM(o.total_amount) AS total_spent
FROM customers c
JOIN orders o
ON c.customer_id = o.customer_id
WHERE o.order_status = 'Delivered'
GROUP BY c.customer_id
ORDER BY total_spent DESC
LIMIT 10;

#Average Order value
SELECT 
    AVG(total_amount) AS average_order_value
FROM orders
WHERE order_status = 'Delivered';
